treatment,question,accounts,treated_rate,outcome_rate,treated_outcome_rate,control_outcome_rate,naive_difference,ipw_ate,aipw_ate,aipw_ate_common_support,factual_brier_score,mu1_p99,mu0_p99,cate_p99,common_support_rate,aipw_bootstrap_mean,ci_lower_95,ci_upper_95,recommendation,product_hypothesis
workspace_created_7d,Does creating a workspace in the first 7 days increase 90-day conversion?,949,0.059009483667017915,0.044257112750263436,0.125,0.03919372900335946,0.08580627099664054,0.18021406931855902,0.12642211521636254,0.09889220529642714,0.04574395838185509,0.6228708400607437,0.1962846321901138,0.6126714197341405,0.339304531085353,0.0572050388395764,-0.1303444393043823,0.24232905474720934,Run targeted experiment,Improve onboarding toward workspace creation; test guided setup and workspace templates.
api_call_made_14d,Does early API usage in the first 14 days increase 90-day conversion?,945,0.28359788359788357,0.04126984126984127,0.03731343283582089,0.04283604135893648,-0.005522608523115591,0.013929857554885799,0.005958041066375198,0.007115637983733751,0.042740620481054696,0.22369492674560648,0.3060904607091846,0.21823804248472653,0.9873015873015873,0.0011923973923683665,-0.055086763368579435,0.09087796428862688,Run targeted experiment,"Route technical accounts to API onboarding, docs, and solutions-engineer support."
report_generated_7d,Does generating a report in the first 7 days increase 90-day conversion?,949,0.051633298208640675,0.044257112750263436,0.04081632653061224,0.044444444444444446,-0.0036281179138322045,0.16670930107920706,0.1276245055934788,-0.01149338746627595,0.042877759324773515,0.5223330253142482,0.22235243808842506,0.49345873008397273,0.3361433087460485,0.04488367813532902,-0.08706502275871626,0.19699792753431242,Run targeted experiment,"Reduce time-to-first-report; test report templates, sample data, and in-app prompts."
workflow_created_14d,Does creating a workflow in the first 14 days increase 90-day conversion?,945,0.02328042328042328,0.04126984126984127,0.045454545454545456,0.041170097508125676,0.00428444794641978,0.05839902118974503,0.02048038933371608,-0.016807256031363352,0.041253660121025215,0.09259984564744163,0.17173583710193271,0.06926331248423685,0.09735449735449736,0.00999357804304609,-0.05539621878297307,0.10680281712603384,Run targeted experiment,Help users operationalize value; test workflow recommendations after dashboard/report use.
