treatment,accounts,treated_accounts,control_accounts,outcome_events,treated_rate,outcome_rate,naive_difference,cross_fitted_propensity_auc,treated_propensity_mean,control_propensity_mean,treated_below_0_05,treated_above_0_95,control_below_0_05,control_above_0_95,common_support_rate
workspace_created_7d,949,56,893,42,0.059009483667017915,0.044257112750263436,0.08580627099664054,0.6547352423612223,0.09423688572490636,0.060613841612615335,0.39285714285714285,0.0,0.6774916013437849,0.0,0.339304531085353
report_generated_7d,949,49,900,42,0.051633298208640675,0.044257112750263436,-0.0036281179138322045,0.4192517006802721,0.039599431184980126,0.05267556542378853,0.7142857142857143,0.0,0.6611111111111111,0.0,0.3361433087460485
workflow_created_14d,945,22,923,39,0.02328042328042328,0.04126984126984127,0.00428444794641978,0.4931054860632325,0.02474396838730386,0.026627793934857744,0.8636363636363636,0.0,0.9035752979414952,0.0,0.09735449735449736
api_call_made_14d,945,268,677,39,0.28359788359788357,0.04126984126984127,-0.005522608523115591,0.6404462179501312,0.3506455865011118,0.2560672837045027,0.0037313432835820895,0.0,0.01624815361890694,0.0,0.9873015873015873
