treatment,event,window_days,accounts,treated_rate,outcome_rate,treated_outcome_rate,control_outcome_rate
workspace_created_7d,workspace_created,7,949,0.059009483667017915,0.044257112750263436,0.125,0.03919372900335946
report_generated_7d,report_generated,7,949,0.051633298208640675,0.044257112750263436,0.04081632653061224,0.044444444444444446
workflow_created_14d,workflow_created,14,945,0.02328042328042328,0.04126984126984127,0.045454545454545456,0.041170097508125676
api_call_made_14d,api_call_made,14,945,0.28359788359788357,0.04126984126984127,0.03731343283582089,0.04283604135893648
